Strike,Dip,Rake,Misfit
160,75,50,0.147499995671
165,70,60,0.161799172595
