Strike,Dip,Rake,Misfit
165,70,60,0.168762232377
170,70,70,0.108486711076
