Strike,Dip,Rake,Misfit,Extra
165,70,60,0.110966100495,"[12176, array([-0.96843801,  0.91674823, -0.28555392]), array([-0.77994104,  0.58651566, -0.21838349])]"
