Strike,Dip,Rake,P,SV,SH,SH/SV,P/SV,P/SH,Plunge P,Plunge S,Ratio1,Ratio2,Ratio3,Sum
150,80,-100,0.898342288974,1.12425405235,1.40083190414,1.24601009995,0.799056305022,0.641291996792,62.631608935,64.0344175574,0.000263180460869,0.000568206662007,5.27849126003e-05,0.000884172035476
150,80,80,-0.898342288974,-1.12425405235,-1.40083190414,1.24601009995,0.799056305022,0.641291996792,62.631608935,64.0344175574,0.000263180460869,0.000568206662007,5.27849126003e-05,0.000884172035476
