Strike,Dip,Rake,Sum
32,18,18,1.78683193657e-05
44,42,42,7.53003633912e-05
54,72,72,0.000178608160157
60,56,56,0.0
154,88,88,8.24051395583e-05
