Strike,Dip,Rake,P,SV,SH,SH/SV,P/SV,P/SH,Plunge P,Plunge S,Ratio1,Ratio2,Ratio3,Sum
65,25,-50,0.923431337218,-1.30197070658,1.09881523269,-0.843963099275,-0.709256615797,0.84038818333,57.101920704,59.6389581368,0.000222662671521,9.24665071442e-05,2.36924502824e-05,0.000338821628948
85,40,-20,0.927313301491,-1.34667330775,1.06913439964,-0.793907767747,-0.688595590449,0.867349607125,57.101920704,59.6389581368,0.00201472152597,0.000552085954458,0.000418639645713,0.00298544712614
85,75,10,0.909044545633,-1.1966796585,1.16683706368,-0.975062169228,-0.759639005458,0.779067252768,57.101920704,59.6389581368,0.00323439269751,0.000534264118069,0.00103515189332,0.00480380870891
