Model,Depth,173a Pa,173a Sa,235b Pa,235b Sa,325a Pa,325a Sa
Gudkova,35,1.88348740478,1.91879194973,1.89694710694,1.92874082228,1.78468524322,1.8444705988
