Strike,Dip,Rake,Misfit Val
0,35,60,0.0482532591704
5,35,60,0.0713070304541
5,35,70,0.0577585753548
10,35,70,0.0223660518417
15,35,70,0.0227088183774
20,35,70,0.0462516833208
20,35,80,0.0406662596263
25,35,70,0.0658017038837
25,35,80,0.0241268120064
30,35,80,0.0415977719246
35,35,80,0.059006690552
40,35,80,0.0707074024523
50,40,90,0.0687293664582
55,40,90,0.0501963824474
60,40,90,0.0528888040133
65,40,90,0.0713924496139
