Strike,Dip,Rake,Misfit Val
65,5,-70,0.00130544911358
75,5,-60,0.00135246074759
100,10,-40,0.00129653534161
