Strike,Dip,Rake,Misfit Val
0,20,-100,0.0932518495258
5,20,-90,0.125958474479
15,20,-80,0.0652653430503
55,45,-10,0.159255782739
55,65,10,0.109375610601
