Strike,Dip,Rake,Misfit
30, 25, -70, 0.00242751665186
45, 30, -60, 0.00451930436311
5, 20, -90, 0.00552510405126
90, 65, -40, 0.00765989299838
100, 75, -40, 0.00814554914504
85, 60, -40, 0.00920885998495
95, 70, -40, 0.0092306560769
60, 40, -50, 0.0197577220594
105, 80, -40, 0.0226956908012
85, 55, -40, 0.0245103452226
80, 55, -40, 0.0276029372541
