ModIndex,Model,Depth,Strike,Dip,Rake,P,SV,SH
0,iasp91,535,46,50,-92,0.00105086242868,-1.08499597914,-1.26885582043
