Strike,Dip,Rake,P,SV,SH,SH/SV,P/SV,P/SH,Plunge P,Plunge S,Ratio1,Ratio2,Ratio3,Sum
140,85,0,0.639362770737,0.303853373827,0.335809603114,1.10516990114,2.1041819042,1.90394427321,56.7347264131,0.0,0.0238792670809,0.00248887296724,0.0411337572181,0.0675018972663
140,85,10,0.748483299627,0.35966175623,0.92690484187,2.57715708111,2.08107558466,0.807508242287,56.7347264131,0.0,0.0444418530176,0.0020787169027,0.0420478036003,0.0885683735206
145,85,0,0.622151437669,0.273429384623,0.361014312672,1.32032010082,2.27536421708,1.7233428588,56.7347264131,0.0,0.00452427298208,0.00631333401552,0.0258098093688,0.0366474163664
145,85,10,0.742068942127,0.439078214612,0.892031101605,2.03159954632,1.69006094457,0.831886848779,56.7347264131,0.0,0.0152635898714,0.00166090170818,0.0362803468504,0.0532048384299
150,85,0,0.584937090817,0.2409244327,0.383471485325,1.59166706767,2.42788613949,1.52537310648,56.7347264131,0.0,0.000400149872559,0.0105739387404,0.0112683108408,0.0222423994537
150,85,10,0.714917018481,0.515153022659,0.850368466033,1.65071042706,1.3877760336,0.840714404447,56.7347264131,0.0,0.0013161977145,0.0171262037653,0.0343284841754,0.0527708856552
155,85,0,0.528981147629,0.20658590037,0.403010208428,1.95081178196,2.56058688749,1.31257505782,56.7347264131,0.0,0.0115068977524,0.0146931507572,0.0012523927047,0.0274524412143
155,85,10,0.668158366646,0.587307205145,0.802234012968,1.36595295603,1.13766417438,0.83287214933,56.7347264131,0.0,0.00259967654697,0.051779708284,0.0360589606842,0.0904383455151
160,85,0,0.456121850948,0.170675124599,0.419481780501,2.45777925451,2.67245652827,1.08734603539,56.7347264131,0.0,0.0378445166215,0.0183542519454,0.00326483655897,0.0594636051259
