Strike,Dip,Rake,P,SV,SH,SH/SV,P/SV,P/SH,Plunge P,Plunge S,Ratio1,Ratio2,Ratio3,Sum
140,85,0,0.639665297597,0.303853373827,0.335809603114,1.10516990114,2.10517753856,1.90484516126,56.7528630341,0.0,0.0238792670809,0.00250720263896,0.0412127769053,0.0675992466252
140,85,10,0.748762802703,0.35966175623,0.92690484187,2.57715708111,2.08185271226,0.807809786808,56.7528630341,0.0,0.0444418530176,0.00209202706212,0.0419729922573,0.088506872337
145,85,0,0.622443109881,0.273429384623,0.361014312672,1.32032010082,2.27643093569,1.72415078304,56.7528630341,0.0,0.00452427298208,0.00634079478318,0.0258752179755,0.0367402857407
145,85,10,0.742336103672,0.439078214612,0.892031101605,2.03159954632,1.6906694046,0.832186346795,56.7528630341,0.0,0.0152635898714,0.00164806938056,0.03621295857,0.0531246178219
150,85,0,0.585209348444,0.2409244327,0.383471485325,1.59166706767,2.42901619352,1.52608308789,56.7528630341,0.0,0.000400149872559,0.0106076604525,0.0113136506146,0.0223214609397
150,85,10,0.71516363435,0.515153022659,0.850368466033,1.65071042706,1.38825475712,0.841004415046,56.7528630341,0.0,0.0013161977145,0.0170834167088,0.0342655586037,0.052665173027
155,85,0,0.529225984692,0.20658590037,0.403010208428,1.95081178196,2.56177204612,1.31318257856,56.7528630341,0.0,0.0115068977524,0.0147311822692,0.00126822983389,0.0275063098555
155,85,10,0.668376772833,0.587307205145,0.802234012968,1.36595295603,1.13803605162,0.833144396809,56.7528630341,0.0,0.00259967654697,0.0517059809942,0.0359979468729,0.0903036044141
160,85,0,0.456332056652,0.170675124599,0.419481780501,2.45777925451,2.67368814128,1.08784714346,56.7528630341,0.0,0.0378445166215,0.0183952446896,0.00323865523094,0.059478416542
