Strike,Dip,Rake,P,SV,SH,SH/SV,P/SV,P/SH,Plunge P,Plunge S,Ratio1,Ratio2,Ratio3,Sum
140,85,0,0.639058087589,0.303853373827,0.335809603114,1.10516990114,2.10317917336,1.90303696399,56.7164640116,0.0,0.0238792670809,0.00247046638993,0.0410541917753,0.0674039252461
140,85,10,0.748201749946,0.35966175623,0.92690484187,2.57715708111,2.08029276671,0.807204489769,56.7164640116,0.0,0.0444418530176,0.002065344099,0.0421232524078,0.0886304495244
145,85,0,0.621857684878,0.273429384623,0.361014312672,1.32032010082,2.27428988928,1.72252917142,56.7164640116,0.0,0.00452427298208,0.00628571584602,0.0257439715479,0.036553960376
145,85,10,0.741799816248,0.439078214612,0.892031101605,2.03159954632,1.68944801077,0.831585148672,56.7164640116,0.0,0.0152635898714,0.00167388566333,0.0363483140416,0.0532857895763
150,85,0,0.584662889884,0.2409244327,0.383471485325,1.59166706767,2.42674801942,1.5246580574,56.7164640116,0.0,0.000400149872559,0.0105400035212,0.0112227096971,0.0221628630909
150,85,10,0.714668580009,0.515153022659,0.850368466033,1.65071042706,1.38729377209,0.840422250537,56.7164640116,0.0,0.0013161977145,0.0171693808355,0.034391951368,0.052877529918
155,85,0,0.528734562125,0.20658590037,0.403010208428,1.95081178196,2.55939326536,1.31196319862,56.7164640116,0.0,0.0115068977524,0.0146548665104,0.00123653376354,0.0273982980263
155,85,10,0.667938335198,0.587307205145,0.802234012968,1.36595295603,1.13728952982,0.832597875933,56.7164640116,0.0,0.00259967654697,0.0518540648561,0.0361204973114,0.0905742387145
160,85,0,0.455910143545,0.170675124599,0.419481780501,2.45777925451,2.67121611668,1.08684134744,56.7164640116,0.0,0.0378445166215,0.0183129791123,0.00329132475437,0.0594488204882
